cyc,t_ns,IF:req/gnt/rvalid,IF:addr,IF:pc_if,ID:valid,ID:pc_id,ID:instr,id_valid,EX:alu/mul,ex_ready,ALU wb(rd),D:req/gnt/we,D:addr,D:wdata,D:rvalid,D:rdata,WB:we(rd)
-2,7551609,1/1/1,1c008178,1c008172,0,1c00816e,00178713,1,0/0,1,-,0/0/1,a5a50001,00000000,0,00000000,-
-1,7551628,1/0/0,1c00817c,1c008176,1,1c008172,f0e52023,1,0/0,1,-,0/0/1,a5a50001,00000000,0,00000000,-
0,7551648,1/0/0,1c00817c,1c008176,0,1c008172,f0e52023,1,1/0,1,-,1/1/1,1c007f00,a5a50001,0,00000000,-
1,7551668,1/1/1,1c00817c,1c008176,0,1c008172,f0e52023,1,0/0,1,-,0/0/1,1c007f00,a5a50001,1,00000000,-
2,7551688,1/0/0,1c008180,1c00817a,1,1c008176,e0050713,1,0/0,1,-,0/0/1,1c007f00,a5a50001,0,00000000,-
3,7551708,1/0/0,1c008180,1c00817a,0,1c008176,e0050713,1,1/0,1,x14,0/0/1,1c007e00,00000000,0,00000000,-
4,7551727,1/1/1,1c008180,1c00817a,0,1c008176,e0050713,1,0/0,1,-,0/0/1,1c007e00,00000000,0,00000000,-
5,7551747,1/0/0,1c008184,1c00817e,1,1c00817a,00700293,1,0/0,1,-,0/0/1,1c007e00,00000000,0,00000000,-
6,7551767,1/0/0,1c008184,1c00817e,0,1c00817a,00700293,1,1/0,1,x5,0/0/1,00000007,00000000,0,00000000,-
7,7551787,1/1/1,1c008184,1c00817e,0,1c00817a,00700293,1,0/0,1,-,0/0/1,00000007,00000000,0,00000000,-
8,7551807,1/0/0,1c008188,1c008182,1,1c00817e,00072303,1,0/0,1,-,0/0/1,00000007,00000000,0,00000000,-
9,7551826,1/0/0,1c008188,1c008182,0,1c00817e,00072303,1,1/0,1,-,1/1/0,1c007e00,00000000,0,00000000,-
10,7551846,1/1/1,1c008188,1c008182,0,1c00817e,00072303,1,0/0,1,-,0/0/0,1c007e00,00000000,1,00000100,x6
11,7551866,1/0/0,1c00818c,1c008186,1,1c008182,005303b3,1,0/0,1,-,0/0/0,1c007e00,00000000,0,00000000,-
12,7551886,1/0/0,1c00818c,1c008186,0,1c008182,005303b3,1,1/0,1,x7,0/0/0,00000107,00000000,0,00000000,-
13,7551906,1/1/1,1c00818c,1c008186,0,1c008182,005303b3,1,0/0,1,-,0/0/0,00000107,00000000,0,00000000,-
14,7551925,1/0/0,1c008190,1c00818a,1,1c008186,00772223,1,0/0,1,-,0/0/0,00000107,00000000,0,00000000,-
15,7551945,1/0/0,1c008190,1c00818a,0,1c008186,00772223,1,1/0,1,-,1/1/1,1c007e04,00000107,0,00000000,-
16,7551965,1/1/1,1c008190,1c00818a,0,1c008186,00772223,1,0/0,1,-,0/0/1,1c007e04,00000107,1,00000100,-
17,7551985,1/0/0,1c008194,1c00818e,1,1c00818a,00300e13,1,0/0,1,-,0/0/1,1c007e04,00000107,0,00000000,-
18,7552004,1/0/0,1c008194,1c00818e,0,1c00818a,00300e13,1,1/0,1,x28,0/0/1,00000003,00000000,0,00000000,-
19,7552024,1/1/1,1c008194,1c00818e,0,1c00818a,00300e13,1,0/0,1,-,0/0/1,00000003,00000000,0,00000000,-
20,7552044,1/0/0,1c008198,1c008192,1,1c00818e,03c3ceb3,1,0/0,1,-,0/0/1,00000003,00000000,0,00000000,-
21,7552064,1/0/0,1c008198,1c008192,0,1c00818e,03c3ceb3,0,1/0,0,x29,0/0/1,0000010a,00000000,0,00000000,-
22,7552084,1/1/1,1c008198,1c008192,0,1c00818e,03c3ceb3,0,1/0,0,x29,0/0/1,0000010a,00000000,0,00000000,-
23,7552103,0/0/0,1c00819c,1c008192,0,1c00818e,03c3ceb3,0,1/0,0,x29,0/0/1,0000010a,00000000,0,00000000,-
24,7552123,0/0/0,1c00819c,1c008192,0,1c00818e,03c3ceb3,0,1/0,0,x29,0/0/1,0000010a,00000000,0,00000000,-
25,7552143,0/0/1,1c00819c,1c008192,0,1c00818e,03c3ceb3,0,1/0,0,x29,0/0/1,0000010a,00000000,0,00000000,-
26,7552163,0/0/0,1c00819c,1c008192,0,1c00818e,03c3ceb3,0,1/0,0,x29,0/0/1,0000010a,00000000,0,00000000,-
27,7552183,0/0/0,1c00819c,1c008192,0,1c00818e,03c3ceb3,0,1/0,0,x29,0/0/1,0000010a,00000000,0,00000000,-
28,7552202,0/0/0,1c00819c,1c008192,0,1c00818e,03c3ceb3,0,1/0,0,x29,0/0/1,0000010a,00000000,0,00000000,-
29,7552222,0/0/0,1c00819c,1c008192,0,1c00818e,03c3ceb3,0,1/0,0,x29,0/0/1,0000010a,00000000,0,00000000,-
30,7552242,0/0/0,1c00819c,1c008192,0,1c00818e,03c3ceb3,0,1/0,0,x29,0/0/1,0000010a,00000000,0,00000000,-
31,7552262,0/0/0,1c00819c,1c008192,0,1c00818e,03c3ceb3,0,1/0,0,x29,0/0/1,0000010a,00000000,0,00000000,-
32,7552282,0/0/0,1c00819c,1c008192,0,1c00818e,03c3ceb3,0,1/0,0,x29,0/0/1,0000010a,00000000,0,00000000,-
33,7552301,0/0/0,1c00819c,1c008192,0,1c00818e,03c3ceb3,0,1/0,0,x29,0/0/1,0000010a,00000000,0,00000000,-
34,7552321,0/0/0,1c00819c,1c008192,0,1c00818e,03c3ceb3,0,1/0,0,x29,0/0/1,0000010a,00000000,0,00000000,-
35,7552341,0/0/0,1c00819c,1c008192,0,1c00818e,03c3ceb3,0,1/0,0,x29,0/0/1,0000010a,00000000,0,00000000,-
36,7552361,0/0/0,1c00819c,1c008192,0,1c00818e,03c3ceb3,0,1/0,0,x29,0/0/1,0000010a,00000000,0,00000000,-
37,7552381,0/0/0,1c00819c,1c008192,0,1c00818e,03c3ceb3,0,1/0,0,x29,0/0/1,0000010a,00000000,0,00000000,-
38,7552400,0/0/0,1c00819c,1c008192,0,1c00818e,03c3ceb3,0,1/0,0,x29,0/0/1,0000010a,00000000,0,00000000,-
39,7552420,0/0/0,1c00819c,1c008192,0,1c00818e,03c3ceb3,0,1/0,0,x29,0/0/1,0000010a,00000000,0,00000000,-
40,7552440,0/0/0,1c00819c,1c008192,0,1c00818e,03c3ceb3,0,1/0,0,x29,0/0/1,0000010a,00000000,0,00000000,-
41,7552460,0/0/0,1c00819c,1c008192,0,1c00818e,03c3ceb3,0,1/0,0,x29,0/0/1,0000010a,00000000,0,00000000,-
42,7552479,0/0/0,1c00819c,1c008192,0,1c00818e,03c3ceb3,0,1/0,0,x29,0/0/1,0000010a,00000000,0,00000000,-
43,7552499,0/0/0,1c00819c,1c008192,0,1c00818e,03c3ceb3,0,1/0,0,x29,0/0/1,0000010a,00000000,0,00000000,-
44,7552519,0/0/0,1c00819c,1c008192,0,1c00818e,03c3ceb3,0,1/0,0,x29,0/0/1,0000010a,00000000,0,00000000,-
45,7552539,0/0/0,1c00819c,1c008192,0,1c00818e,03c3ceb3,0,1/0,0,x29,0/0/1,0000010a,00000000,0,00000000,-
46,7552559,0/0/0,1c00819c,1c008192,0,1c00818e,03c3ceb3,0,1/0,0,x29,0/0/1,0000010a,00000000,0,00000000,-
47,7552578,0/0/0,1c00819c,1c008192,0,1c00818e,03c3ceb3,0,1/0,0,x29,0/0/1,0000010a,00000000,0,00000000,-
48,7552598,0/0/0,1c00819c,1c008192,0,1c00818e,03c3ceb3,0,1/0,0,x29,0/0/1,0000010a,00000000,0,00000000,-
49,7552618,0/0/0,1c00819c,1c008192,0,1c00818e,03c3ceb3,0,1/0,0,x29,0/0/1,0000010a,00000000,0,00000000,-
50,7552638,0/0/0,1c00819c,1c008192,0,1c00818e,03c3ceb3,0,1/0,0,x29,0/0/1,0000010a,00000000,0,00000000,-
51,7552658,0/0/0,1c00819c,1c008192,0,1c00818e,03c3ceb3,0,1/0,0,x29,0/0/1,0000010a,00000000,0,00000000,-
52,7552677,0/0/0,1c00819c,1c008192,0,1c00818e,03c3ceb3,0,1/0,0,x29,0/0/1,0000010a,00000000,0,00000000,-
53,7552697,0/0/0,1c00819c,1c008192,0,1c00818e,03c3ceb3,1,1/0,1,x29,0/0/1,0000010a,00000000,0,00000000,-
54,7552717,1/1/0,1c00819c,1c008196,1,1c008192,001e8f13,1,0/0,1,-,0/0/1,0000010a,00000000,0,00000000,-
55,7552737,0/0/0,1c0081a0,1c008198,1,1c008196,00278793,1,1/0,1,x30,0/0/1,00000058,00000000,0,00000000,-
56,7552757,1/0/0,1c0081a0,1c00819c,1,1c008198,f0f52023,1,1/0,1,x15,0/0/1,a5a50002,00000000,0,00000000,-
57,7552776,1/1/1,1c0081a0,1c00819c,0,1c008198,f0f52023,1,1/0,1,-,1/1/1,1c007f00,a5a50002,0,00000000,-
58,7552796,1/0/0,1c0081a4,1c0081a0,1,1c00819c,b00025f3,1,0/0,1,-,0/0/1,1c007f00,a5a50002,1,00000100,-
